id,label
1.jpg,0
2.jpg,0
3.jpg,1
4.jpg,0
5.jpg,1
6.jpg,0
7.jpg,0
8.jpg,0
9.jpg,1
10.jpg,1
11.jpg,1
12.jpg,1
13.jpg,0
14.jpg,1
15.jpg,1
16.jpg,1
17.jpg,0
18.jpg,1
19.jpg,1
20.jpg,0
21.jpg,0
22.jpg,0
23.jpg,1
24.jpg,0
25.jpg,0
26.jpg,0
27.jpg,1
28.jpg,0
29.jpg,0
30.jpg,0
31.jpg,1
32.jpg,1
33.jpg,0
34.jpg,1
35.jpg,0
36.jpg,1
37.jpg,0
38.jpg,1
39.jpg,0
40.jpg,0
41.jpg,1
42.jpg,1
43.jpg,0
44.jpg,1
45.jpg,1
46.jpg,1
47.jpg,0
48.jpg,1
49.jpg,0
50.jpg,1
51.jpg,0
52.jpg,0
53.jpg,1
54.jpg,1
55.jpg,1
56.jpg,1
57.jpg,0
58.jpg,0
59.jpg,1
60.jpg,1
61.jpg,1
62.jpg,1
63.jpg,1
64.jpg,1
65.jpg,1
66.jpg,0
67.jpg,0
68.jpg,0
69.jpg,1
70.jpg,1
71.jpg,1
72.jpg,0
73.jpg,0
74.jpg,1
75.jpg,1
76.jpg,1
77.jpg,1
78.jpg,1
79.jpg,0
80.jpg,0
81.jpg,1
82.jpg,1
83.jpg,1
84.jpg,0
85.jpg,0
86.jpg,1
87.jpg,0
88.jpg,1
89.jpg,0
90.jpg,1
91.jpg,0
92.jpg,0
93.jpg,0
94.jpg,1
95.jpg,1
96.jpg,0
97.jpg,0
98.jpg,1
99.jpg,1
100.jpg,1
101.jpg,0
102.jpg,1
103.jpg,0
104.jpg,1
105.jpg,1
106.jpg,0
107.jpg,0
108.jpg,1
109.jpg,0
110.jpg,0
111.jpg,0
112.jpg,1
113.jpg,0
114.jpg,0
115.jpg,1
116.jpg,0
117.jpg,0
118.jpg,0
119.jpg,0
120.jpg,0
121.jpg,0
122.jpg,1
123.jpg,1
124.jpg,1
125.jpg,0
126.jpg,1
127.jpg,0
128.jpg,1
129.jpg,0
130.jpg,1
131.jpg,0
132.jpg,0
133.jpg,1
134.jpg,0
135.jpg,1
136.jpg,1
137.jpg,0
138.jpg,1
139.jpg,0
140.jpg,1
141.jpg,0
142.jpg,1
143.jpg,0
144.jpg,0
145.jpg,1
146.jpg,0
147.jpg,1
148.jpg,0
149.jpg,1
150.jpg,0
151.jpg,0
152.jpg,1
153.jpg,0
154.jpg,0
155.jpg,0
156.jpg,1
157.jpg,1
158.jpg,1
159.jpg,0
160.jpg,1
161.jpg,0
162.jpg,1
163.jpg,1
164.jpg,1
165.jpg,0
166.jpg,0
167.jpg,0
168.jpg,0
169.jpg,1
170.jpg,0
171.jpg,1
172.jpg,0
173.jpg,0
174.jpg,0
175.jpg,0
176.jpg,0
177.jpg,0
178.jpg,0
179.jpg,0
180.jpg,1
181.jpg,0
182.jpg,0
183.jpg,0
184.jpg,0
185.jpg,1
186.jpg,1
187.jpg,0
188.jpg,0
189.jpg,0
190.jpg,1
191.jpg,0
192.jpg,0
193.jpg,0
194.jpg,1
195.jpg,1
196.jpg,0
197.jpg,1
198.jpg,0
199.jpg,0
200.jpg,0
201.jpg,1
202.jpg,0
203.jpg,0
204.jpg,0
205.jpg,0
206.jpg,1
207.jpg,0
208.jpg,1
209.jpg,1
210.jpg,1
211.jpg,1
212.jpg,0
213.jpg,1
214.jpg,1
215.jpg,0
216.jpg,0
217.jpg,1
218.jpg,1
219.jpg,1
220.jpg,0
221.jpg,0
222.jpg,0
223.jpg,0
224.jpg,0
225.jpg,1
226.jpg,1
227.jpg,0
228.jpg,0
229.jpg,1
230.jpg,0
231.jpg,0
232.jpg,0
233.jpg,0
234.jpg,0
235.jpg,1
236.jpg,0
237.jpg,1
238.jpg,1
239.jpg,1
240.jpg,1
241.jpg,1
242.jpg,0
243.jpg,1
244.jpg,1
245.jpg,1
246.jpg,0
247.jpg,1
248.jpg,0
249.jpg,1
250.jpg,1
